{
  "id": "3c084263-ce2a-426a-8f7c-2bba67f4c280",
  "generation": 0,
  "iteration": 0,
  "current_iteration": 4,
  "metrics": {
    "combined_score": 0.0,
    "score": 0.0,
    "success": false,
    "metrics": {
      "vehicle_x": 12.698328018188477,
      "vehicle_y": 7.5522332191467285,
      "target_x": 30.0,
      "progress": 30.79331207275391,
      "success": false,
      "failed": true,
      "failure_reason": "Vehicle flipped: angle 119.6\u00b0 exceeds 90\u00b0 limit",
      "step_count": 100,
      "structure_mass": 1.0,
      "max_structure_mass": 2000.0,
      "max_vertical_accel": 4.752608871459961,
      "structure_broken": false,
      "joint_count": 2,
      "velocity_x": 4.515499591827393,
      "velocity_y": -7.921014785766602,
      "angular_velocity": -3.659623384475708,
      "angle": -2.0879318714141846,
      "normalized_angle": -2.0879318714141846,
      "high_angular_velocity_count": 0,
      "is_airborne": false,
      "airborne_rotation_accumulated": 0.0
    },
    "error": null
  },
  "language": "python",
  "timestamp": 1771663143.8350651,
  "saved_at": 1771663335.6347823
}